adult,belongs_to_collection,budget,genres,homepage,id,imdb_id,original_language,original_title,overview,popularity,poster_path,production_companies,production_countries,release_date,revenue,runtime,spoken_languages,status,tagline,title,video,vote_average,vote_count,keywords
,,,,,,,,,,,,,,1995-12-22,10017322,119,en;la,Released,The Course Has Been Set. There Is No Turning Back. Prepare Your Weapons. Summon Your Courage. Discover the Adventure of a Lifetime!,Cutthroat Island,False,5.7,137,exotic island;treasure;map;ship;scalp;pirate
,,,,,,,,,,,,,,1995-12-09,4300000,98,en,Released,"Twelve outrageous guests. Four scandalous requests. And one lone bellhop, in his first day on the job, who's in for the wildest New year's Eve of his life.",Four Rooms,False,6.5,539,hotel;new year's eve;witch;bet;hotel room;sperm;los angeles;hoodlum;woman director;episode film
,,,,,,,,,,,,,,1995-12-29,106269971,137,en,Released,"Of All the Lives He Changed, the One That Changed the Most Was His Own.",Mr. Holland's Opus,False,6.9,115,composer;mentor;deaf-mute;musical;apprentice;private life;music;disabled
,,,,,,,,,,,,,,1994-10-01,22200000,97,en,Released,The story of the man who thought he was the greatest lover in the world... and the people who tried to cure him of it!,Don Juan DeMarco,False,6.3,184,sex addiction;love;mental institution;patient;psychiatrist;don juan
,,,,,,,,,,,,,,1994-11-11,223664608,123,en;fr,Released,Drink from me and live forever,Interview with the Vampire,False,7.2,1558,paris;san francisco;vampire;plantation;pity;bite;fang vamp
,,,,,,,,,,,,,,1977-05-25,775398007,121,en,Released,"A long time ago in a galaxy far, far away...",Star Wars,False,8.1,6778,android;galaxy;hermit;death star;lightsaber;jedi;rescue mission;empire;rebellion;planet;smuggler;the force;space opera;galactic war;stormtrooper;totalitarianism
,,,,,,,,,,,,,,1994-09-02,2201126,99,en;mi,Released,"A family in crisis, a life in chaos... Nothing is more powerful than a mother's love.",Once Were Warriors,False,7.6,106,individual;slum;suicide;tattoo;alcohol;rape;tradition;loss of child;indigenous;despair;violent husband;ghetto;new zealand;maori;strong woman;lack of prospects;maori tradition;funeral;approved school ;crush;independent film;teacher;youth gang;domestic violence;violence;rebellious youth;alcohol abuse;incest;unemployment
,,,,,,,,,,,,,,1994-05-27,0,99,fr,Released,,Three Colors: Red,False,7.8,246,judge;isolation;mannequin;shadowing;english channel;geneva;travel;dog
,,,,,,,,,,,,,,1994-09-29,15119639,106,en,Released,Success is the best revenge.,Muriel's Wedding,False,6.9,104,individual;becoming an adult;dream;return;love of one's life;overweight;province;bathing;olympic games;empowerment;boredom;daughter;friendship
,,,,,,,,,,,,,,1993-08-20,74189677,97,en,Released,Don't hunt what you can't kill.,Hard Target,False,6.1,237,new orleans;mercenary;hunting human beings;money;drifter;union;sailor;human prey
,,,,,,,,,,,,,,1993-10-15,12136938,110,en,Released,Don't move. Don't whisper. Don't even breathe.,Judgment Night,False,6.4,79,chicago;drug dealer;boxing match;escape;one night
,,,,,,,,,,,,,,1993-06-11,920100000,127,en;es,Released,An adventure 65 million years in the making.,Jurassic Park,False,7.6,4956,exotic island;dna;paleontology;tyrannosaurus rex;triceratops;brontosaurus;electric fence;island;dinosaur;amusement park;theme park;jurassic park
,,,,,,,,,,,,,,1993-11-24,441286195,125,en,Released,She makes dinner. She does windows. She reads bedtime stories. She's a blessing... in disguise.,Mrs. Doubtfire,False,7.0,1638,san francisco;parent child relationship;restaurant;nanny;mask;custody battle;fake identity
,,,,,,,,,,,,,,1993-06-24,227799884,105,en,Released,"What if someone you never met, someone you never saw, someone you never knew was the only someone for you?",Sleepless in Seattle,False,6.5,630,father son relationship;lovesickness;journalist;loss of mother;loss of lover;radio station;christmas party;love of one's life;radio;seattle;baltimore;fiancé;radio presenter;airplane;radio transmission;observation deck;friendship;unsociability;woman director
,,,,,,,,,,,,,,1996-07-24,152266007,149,en,Released,Experience a time you'll never forget.,A Time to Kill,False,7.0,522,ku klux klan;rape;mississippi;jurors;blackmail;attempted murder;forgiveness;court;shooting;murder;suspense;lawyer;trial;courtroom;racial tension;kkk;racial issues;courtroom drama
,,,,,,,,,,,,,,1968-04-10,68700000,149,en;ru,Released,An epic drama of adventure and exploration,2001: A Space Odyssey,False,7.9,3075,moon;jupiter;artificial intelligence;man vs machine;technology;super computer;human being;space travel;space mission;moon base;astronaut;evolution;monolith;space station
,,,,,,,,,,,,,,1940-04-12,6000000,130,en;fr,Released,The shadow of this woman darkened their love.,Rebecca,False,7.7,346,monte carlo;based on novel;age difference;secret;obsession;bride;cornwall;love;suspense;rural setting;devotion;housekeeper;death;estate;costume party;film noir;second wife
,,,,,,,,,,,,,,1935-06-01,0,86,en,Released,Handcuffed to the girl who double-crossed him,The 39 Steps,False,7.4,217,london england;scotland;scotland yard;handcuffs;secret;entertainer;intelligence;cabaret;secret agent;murder;fugitive;train;memorization;manhunt;handcuffed together;held against will;bickering couple;wrongly accused
,,,,,,,,,,,,,,1954-12-23,28200000,127,en,Released,The mightiest motion picture of them all!,"20,000 Leagues Under the Sea",False,6.9,160,diving;ocean;submarine;jules verne;captain;atlantis;deep sea;war ship;diving suit;harpoon;ship;war;scuba diving;underwater;scuba;captain nemo;giant  squid
,,,,,,,,,,,,,,1996-10-31,147298761,120,en,Released,My only love sprung from my only hate.,Romeo + Juliet,False,6.7,1406,shakespeare;forbidden love;gun violence;star crossed lovers;shakespeare in modern dress;teenage romance;masquerade;shakespeare's romeo and juliet;gangster grip
,,,,,,,,,,,,,,1992-09-02,14661007,99,en,Released,Every dog has his day.,Reservoir Dogs,False,8.1,3821,traitor;jewelry;psychopath;thief;heist;betrayal;mystery;escape;gang;plan gone wrong;warehouse;ensemble cast;all male cast;told in flashback;heist gone wrong;foreshadowing;rendezvous;iconic;set in one room;uneasy alliance;rag tag group
,,,,,,,,,,,,,,1971-12-18,26589000,136,en,Released,"Being the adventures of a young man whose principal interests are rape, ultra-violence and Beethoven.",A Clockwork Orange,False,8.0,3432,prison;street gang;rape;adolescence;sexuality;beethoven;parent child relationship;social worker;living together;society;dystopia;controversy;controversial;violence;futuristic society
,,,,,,,,,,,,,,1962-12-25,13129846,129,en,Released,,To Kill a Mockingbird,False,7.9,676,black people;based on novel;brother sister relationship;becoming an adult;isolation;arbitrary law;socially deprived family;tree house;wrong accusal;farm worker;intolerance;exclusion;court case;defence;right and justice;court;child
,,,,,,,,,,,,,,1949-08-31,596349,104,en;ru;de,Released,Hunted by men ... Sought by WOMEN!,The Third Man,False,7.9,431,austria;cemetery;famous score;black market;soviet troops;prater;british army;postwar period;occupying power;staged death;cover-up;romance;suspense;sewer;brit noir;amusement park;ferris wheel;film noir;vienna;zither;evasion
,,,,,,,,,,,,,,1960-06-16,32000000,109,en,Released,The master of suspense moves his cameras into the icy blackness of the unexplored!,Psycho,False,8.3,2405,hotel;clerk;arizona;shower;rain;motel;money;secretary;corpse;murderer;theft;private detective;proto-slasher
,,,,,,,,,,,,,,1986-08-22,52287414,89,en,Released,"For some, it's the last real taste of innocence, and the first real taste of life. But for everyone, it's the time that memories are made of.",Stand by Me,False,7.8,1568,based on novel;friendship;coming of age;railroad track;story within the story; flipping coin;campfire story;reference to superman;normandy beach;child;1950s;boys
,,,,,,,,,,,,,,1931-05-11,0,117,de,Released,,M,False,8.0,465,germany;berlin;underworld;child murderer;detective inspector;organized crime;criminal
,,,,,,,,,,,,,,1967-06-22,16217773,126,en,Released,What we've got here is failure to communicate.,Cool Hand Luke,False,7.7,390,prison;rebel;loss of mother;harassment;imprisonment;dying and death;boxing match;escape;barbed wire;punched in the face;eggs;death
,,,,,,,,,,,,,,1991-10-03,2015810,129,en;fi;fr;de;it,Released,Five Taxis. Five Cities. One Night.,Night on Earth,False,7.5,165,paris;new york;taxi;megacity;rome;dialogue;pastor;taxi driver;passenger;night life;casual meeting;metropolis;german democratic republic;casting agent;heart attack;helsinki;night;conflict;los angeles;city;finland;road movie;understanding
,,,,,,,,,,,,,,1952-03-27,8000000,85,en,Released,The story of a man who was too proud to run.,High Noon,False,7.6,343,gunslinger;showdown;fistfight;morality;u.s. marshal;battle;justice;one against many;quick draw;brawl;street shootout
,,,,,,,,,,,,,,1946-08-23,0,116,en,Released,The picture they were born for!,The Big Sleep,False,7.6,244,poison;gambling;detective;suspense;los angeles;drug;classic noir;private detective;book store;philip marlowe;missing person;film noir
,,,,,,,,,,,,,,1988-10-01,1108462,102,en;it,Released,"Best friends, social trends, and occasional murder.",Heathers,False,7.3,387,suicide;diary;friendship;high school;dark comedy;clique
,,,,,,,,,,,,,,1982-11-30,77737889,191,en;hi,Released,His triumph changed the world forever.,Gandhi,False,7.4,730,muslim;indian lead;demonstration;world war ii;imprisonment;release from prison;south africa;bravery;hunger strike;colony;morning prayer;hindu;independence;british army;political negotiations;conference;nonviolent resistance;apartheid;british empire;protest;independence movement;bombay india;strike;freedom;prayer;world religion;hinduism;mahatma gandhi;calcutta
,,,,,,,,,,,,,,1984-11-14,25504513,91,en,Released,"If Nancy Doesn't Wake Up Screaming, She Won't Wake Up At All!",A Nightmare on Elm Street,False,7.2,1212,child murderer;sleep;nightmare;supernatural;slasher;teenager;trapped;alcoholic;boiler room;booby trap;disfigurement;medical test;dreams
,,,,,,,,,,,,,,1922-03-15,0,94,,Released,A symphony of horror,Nosferatu,False,7.7,373,transylvania;shapeshifting;self sacrifice;castle;vampire;ghost ship;loss of wife;silent film;seashore;vampire bat;real estate agent;ghoul;locket;corpse in coffin; nosferatu;real estate;black death;expressionism;mountain country;sleepwalking;romania;rats
,,,,,,,,,,,,,,1996-05-13,3803298,159,en,Released,Love is a mighty power.,Breaking the Waves,False,7.2,213,underdog;scotland;prostitute;paraplegic;tradition;excommunication;authority;social coercions;society;dying and death;faith;prayer;world religion;god;priest;independent film;mother daughter relationship;church;disabled;oil platform
,,,,,,,,,,,,,,1990-07-02,240031094,124,en;es,Released,Die Harder,Die Hard 2,False,6.6,1920,ambush;helicopter;journalist;based on novel;airport;hand grenade;fistfight;cop;sequel;snow;dulles international airport;shootout;officer involved shooting;terrorism;explosion;church;violence;sabotage;walkie talkie;swat team;air traffic control;commando unit;snowmobile
,,,,,,,,,,,,,,1989-06-09,70200000,107,en,Released,Adventure and imagination will meet at the final frontier.,Star Trek V: The Final Frontier,False,5.6,384,federation;starfleet;uss enterprise-a;sha-ka-ree;loss of brother;self sacrifice;hostage;liberation of hostage;romulans;klingon;vulcan;space opera
,,,,,,,,,,,,,,1986-11-25,133000000,119,en;fi,Released,The key to saving the future can only be found in the past.,Star Trek IV: The Voyage Home,False,6.9,490,saving the world;san francisco;uss enterprise-a;time travel;whale;marine biologist;vulcan;space opera
,,,,,,,,,,,,,,1992-06-19,280000000,126,en,Released,"The Bat, the Cat, the Penguin.",Batman Returns,False,6.6,1706,holiday;corruption;double life;dc comics;crime fighter;hallucination;christmas tree;gotham city;vigilante;superhero;violence;dark hero;fictional city;super villain;super powers;deformed;bird cage;evil circus;christmas holiday
,,,,,,,,,,,,,,1996-05-05,5770254,105,cs;ru;sk,Released,,Kolya,False,7.5,46,responsability;father son relationship;socialism;fictitious marriage;revolution;despair;crematorium;language barrier;russian;childhood memory;cellist;prague;cello;disappointment;funeral;musician;ban from profession;political instability;trabant;concert;friendship;teacher;escape;best friend;single father;father figure;understanding;communism;czech republic;child
,,,,,,,,,,,,,,1997-02-14,29481428,109,en,Released,What if finding the love of your life meant changing the life that you loved?,Fools Rush In,False,5.8,133,waitress;culture clash;romantic comedy;pregnancy
,,,,,,,,,,,,,,1997-06-13,164508066,121,en;pt,Released,"As the stakes get higher, the ride gets even faster.",Speed 2: Cruise Control,False,4.1,439,boat;cruise;computer;disaster;diamond;collision course
,,,,,,,,,,,,,,1997-06-19,299288605,105,en;fr;it,Released,It's about finding the love of your life. And deciding what to do about it.,My Best Friend's Wedding,False,6.4,606,karaoke;marriage proposal;new love;love of one's life;kiss;man-woman relation;secret love;wedding
,,,,,,,,,,,,,,1963-10-21,528428,103,en;fr;de;it,Released,"More Bold! More Brazen! And Much, Much More Bardot!",Contempt,False,7.5,138,love triangle;italy;film business;capri;cinecittà;villa;film making;film producer;screenwriter;jealousy;car crash;divorce
,,,,,,,,,,,,,,1997-09-11,43101594,155,en,Released,"The life of a dreamer, the days of a business, and the nights in between.",Boogie Nights,False,7.5,812,pornography;sex;porn actor;pornographic video;from rags to riches;drug;porn industry;gay lead character
,,,,,,,,,,,,,,1997-11-18,1845034188,194,en;fr;de;sv;it;ru,Released,Nothing on Earth could come between them.,Titanic,False,7.5,7770,shipwreck;iceberg;ship;panic;titanic;ocean liner;epic;rich woman - poor man;love;disaster;tragic love;class differences;imax;star crossed lovers;steerage;salvage;rich snob;3d;1910s
,,,,,,,,,,,,,,1997-12-25,64256513,97,sq;en,Released,"A comedy about truth, justice and other special effects.",Wag the Dog,False,6.7,273,washington d.c.;rape;cia;usa president;war veteran;staging;film maker;albania;sex scandal;senator;presidential election;gulf war;media adviser;manipulation of the media;election campaign;government;war;soldier;extramarital affair
,,,,,,,,,,,,,,1998-07-01,553799566,151,en;ru,Released,The Earth's Darkest Day Will Be Man's Finest Hour,Armageddon,False,6.5,2540,saving the world;paris;moon;cataclysm;asteroid;self sacrifice;nasa;space marine;loss of father;daughter;space;wedding;astronaut;eiffel tower paris;duringcreditsstinger;disaster movie;space centre
,,,,,,,,,,,,,,1988-12-11,412800000,133,it;en,Released,A journey through understanding and fellowship.,Rain Man,False,7.6,1762,individual;mentally disabled;autism;loss of father;yuppie;car dealer;egocentrism;travel;convertible;psychiatrist;duringcreditsstinger;savant
,,,,,,,,,,,,,,1971-06-21,0,114,en,Released,You'd never take her for a call girl. You'd never take him for a cop.,Klute,False,6.5,88,new york;prostitute;detective;cat;obsession;pimp;junkie;perversity;audio tape;suspense;psychologist;missing person;spectacle
,,,,,,,,,,,,,,1927-01-10,650422,153,xx,Released,There can be no understanding between the hands and the brain unless the heart acts as mediator.,Metropolis,False,8.0,666,man vs machine;underground world;inventor;metropolis;worker;future;machine town;work;class society;dystopia;tower of babel;delirium;chase scene;mad scientist;prophet;robot;destruction;silent film;depravity;masterpiece;downtrodden;saviour
,,,,,,,,,,,,,,1989-11-20,332000000,108,en,Released,"Roads? Where we're going, we don't need roads!",Back to the Future Part II,False,7.4,3926,skateboarding;flying car;car race;delorean;lightning;almanac;inventor;time travel;sequel;diner;alternate history;teenager;electric guitar;walking cane;high school dance;hoverboard;video phone
,,,,,,,,,,,,,,1990-05-25,244527583,118,en,Released,They've saved the best trip for last... But this time they may have gone too far.,Back to the Future Part III,False,7.1,2978,railroad robber;california;delorean;indian territory;sports car;inventor;locomotive;saloon;horseback riding;time travel;outlaw;sequel;mad scientist;native american;western;shootout;gunfight;train;wild west;cavalry
,,,,,,,,,,,,,,1972-12-01,84563118,117,en,Released,Who will survive-in one of the greatest escape adventures ever!,The Poseidon Adventure,False,7.3,274,life and death;prostitute;new year's eve;sea;brother sister relationship;wife husband relationship;wave;shipwreck;cruise;seaquake;ship;faith;travel;disaster;capsized ship;disaster film;disaster movie
,,,,,,,,,,,,,,1968-06-12,33395426,136,en,Released,Pray for Rosemary's Baby,Rosemary's Baby,False,7.5,892,anti-christ;contemporary setting;laundry;occult;demonic possession;satanic cult;lucky charm;woman in jeopardy;eating disorder;catholic priest
,,,,,,,,,,,,,,1988-02-29,73326666,92,en,Released,He's guaranteed to put some life in your afterlife.,Beetlejuice,False,7.1,1475,minister;giant snake;skeleton;calypso;arts;afterlife;child bride;possession;surrealism;teenage girl;ghost
,,,,,,,,,,,,,,1948-08-23,2200000,80,en,Released,,Rope,False,7.8,539,planned murder;banquet;victim of murder;footlocker;strangle;rope;suspense;based on play or musical;long take
,,,,,,,,,,,,,,1937-11-01,0,83,en,Released,A Brilliant Melodrama,Young and Innocent,False,6.8,42,falsely accused;country house;murder;suspense
,,,,,,,,,,,,,,1929-06-30,0,84,en,Released,See and Hear It - Our Mother Tongue As It Should Be Spoken,Blackmail,False,6.8,45,scotland yard;blackmail;knife;gloves
,,,,,,,,,,,,,,1988-08-19,21486757,104,en,Released,They're her family... Whether she likes it or not.,Married to the Mob,False,5.8,67,fbi;romantic comedy;mobster;italian american;starting over
,,,,,,,,,,,,,,1989-04-14,20036737,100,en,Released,To know Lloyd Dobler is to love him. Diane Court is about to know Lloyd Dobler.,Say Anything...,False,7.2,244,england;seattle;daughter;high school;kickboxer
,,,,,,,,,,,,,,1998-09-17,0,124,en,Released,Nothing is as simple as black and white.,Pleasantville,False,7.1,498,brother sister relationship;tv show;dystopia;book burning;satire;coming of age;racism;black and white;alternate reality;colour
,,,,,,,,,,,,,,1998-01-21,6451628,105,en;hu,Released,,Gods and Monsters,False,6.8,82,gay;film director;dying and death;biography;homosexuality;author;lgbt elderly
,,,,,,,,,,,,,,1988-05-24,189015611,102,en;ru,Released,The first was for himself. The second for his country. This time it's to save his friend.,Rambo III,False,5.7,703,competition;submachine gun;soviet union;liberation;russian;soviet troops;thailand;freedom fighter;afghanistan;war on freedom;machinegun;mujahid;reality show;western;japanese food;soap opera
,,,,,,,,,,,,,,1985-11-21,300473716,91,en,Released,He's facing the ultimate challenge. And fighting for his life.,Rocky IV,False,6.6,984,usa;transporter;loss of lover;cold war;soviet union;boxer;kgb;dying and death;loss of powers;boxing match;training;matter of life and death;sibiria;friendship;victory;sport;revenge
,,,,,,,,,,,,,,1999-03-12,93888180,105,en,Released,"He went from the eye of the storm, into the arms of a hurricane.",Forces of Nature,False,5.1,141,cataclysm;airplane;single;travel;wedding;storm;extramarital affair;woman director
,,,,,,,,,,,,,,1999-05-13,363889678,124,en;es,Released,Can the most famous film star in the world fall for the man on the street?,Notting Hill,False,7.0,1309,london england;bookshop;birthday;new love;film maker;paparazzi;press conference;wheelchair;bath tub;cohabitant;friendship;fame;celebration;movie star;spectacle
,,,,,,,,,,,,,,1999-04-16,18564088,100,en,Released,Question reality. You can go there even though it doesn't exist.,The Thirteenth Floor,False,6.8,381,artificial intelligence;simulation;computer program;virtual reality;dystopia;murder;los angeles
,,,,,,,,,,,,,,1998-08-20,7267585,81,de;en;ja,Released,Every second of every day you're faced with a decision that can change your life.,Run Lola Run,False,7.2,672,berlin;casino;nun;red hair;running;homeless person;supermarket;ambulance;subway;daughter;money;fate
,,,,,,,,,,,,,,1999-03-19,0,117,en,Released,Your Paranoia Is Real.,Arlington Road,False,7.0,246,bomb;terrorist;fbi;professor;paranoia;college;wife;politics;army;murder;suspense;neighbor;agent;blueprint;classified;neo-noir
,,,,,,,,,,,,,,1962-06-13,9250000,153,en,Released,How did they ever make a movie of ...,Lolita,False,7.3,409,sexual obsession;hotel;depression;loss of mother;small town;flirt;midlife crisis;eroticism;youngster;lolita;motel;diary;seduction;forbidden love;professor for literature;provocation;fascination;one-sided love;widow;adoptive father;loss of husband;summer camp;secret love
,,,,,,,,,,,,,,1975-12-18,20000000,184,de;fr;en,Released,At long last Redmond Barry became a gentleman - and that was his tragedy.,Barry Lyndon,False,7.7,521,palace;british army;fencing;epic;debt;ireland;british soldier;seven years war;nobility;prussia
,,,,,,,,,,,,,,1987-02-06,0,107,en,Released,,Light of Day,False,5.4,10,brother sister relationship;cleveland;musical;rock;cancer;mother daughter relationship;conflict
,,,,,,,,,,,,,,1999-08-06,672806292,107,la;es;en,Released,Not every gift is a blessing.,The Sixth Sense,False,7.7,3223,child abuse;sense of guilt;loss of child;confidence;psychology;dying and death;marriage crisis;afterlife;single;paranormal phenomena;cowardliness;child;spiritism
,,,,,,,,,,,,,,1999-08-06,124305181,113,en,Released,How do you get the man who has everything?,The Thomas Crown Affair,False,6.7,349,martinique;claude monet;famous painting;glider;insurance agent;missing painting;stolen painting;valuable painting;rich people
,,,,,,,,,,,,,,1968-06-19,0,102,en,Released,,The Thomas Crown Affair,False,6.9,95,in love with enemy;hold-up robbery;boredom;insurance salesman;business man;insurance fraud;plan;heist;theft;millionaire
,,,,,,,,,,,,,,1998-05-08,0,88,en,Released,Two's Company. Three's a Crowd. Four's a Disaster.,The Very Thought of You,False,5.0,11,london england;independent film
,,,,,,,,,,,,,,1997-04-04,0,102,en,Released,Life Gets Complicated When You Love One Woman And Worship Eleven Men,Fever Pitch,False,6.1,53,london england;relationship problems;sport;arsenal london;jogging;teacher;soccer;dating
,,,,,,,,,,,,,,1973-07-05,161777836,121,en;hu,Released,Roger Moore is James Bond.,Live and Let Die,False,6.4,540,london england;new york;bomb;england;spy;sheriff;dual identity;secret identity;boat;drug traffic;tarot cards;heroin;crocodile;jamaica;secret mission;secret intelligence service;drug smuggle;voodoo;tombstone;aftercreditsstinger
,,,,,,,,,,,,,,1940-03-15,0,129,en,Released,The most discussed book in years - now comes to the screen to become the most discussed picture in ages,The Grapes of Wrath,False,7.8,211,california;capitalism;home;ex-detainee;oklahoma;farm;great depression;jail;pregnant woman;road movie
,,,,,,,,,,,,,,1992-10-09,43440294,123,en,Released,The Story of an American Family.,A River Runs Through It,False,7.0,241,individual;brother brother relationship;gambling;montana;journalist;prohibition;fishing;fly fishing;pastor
,,,,,,,,,,,,,,1999-12-10,284600000,189,fr;en,Released,Miracles do happen.,The Green Mile,False,8.2,4166,southern usa;black people;mentally disabled;based on novel;heal;death row;jail guard;great depression;prison guard;electric chair;magic realism;healing;death row inmate;1930s
,,,,,,,,,,,,,,1999-12-25,128798265,139,en;it,Released,How far would you go to become someone else?,The Talented Mr. Ripley,False,7.1,790,venice;italy;gay;new york;lovesickness;double life;dual identity;jealousy;secret identity;new love;homicide;atlantic ocean;new identity;planned murder;prosecution;yacht;ship;inferiority;false identity;beguilement;rejection;inferiority complex;ocean liner;friendship;homosexuality;wealth;cowardliness;envy
,,,,,,,,,,,,,,1992-05-28,231605150,100,en,Released,No booze! No sex! No drugs!... No way!,Sister Act,False,6.5,713,church choir;witness protection;musical;gospel;concert;murder;singer;witness to murder;monastery
,,,,,,,,,,,,,,1992-06-03,4160851,134,en,Released,Meet Laura Palmer... In a town where nothing is as it seems... And everyone has something to hide.,Twin Peaks: Fire Walk with Me,False,7.3,429,detective;sexual abuse;bar;small town;orgy;surreal;investigation;supernatural;murder;suspense;based on tv series;rural setting;prostitution;drugs and addiction;disturbed teenager;cameos
,,,,,,,,,,,,,,1956-03-13,0,119,es;en;nv,Released,He had to find her... he had to find her...,The Searchers,False,7.7,332,drama;native american;civil war veteran
,,,,,,,,,,,,,,1975-03-07,0,106,ru,Released,,Mirror,False,7.8,147,memoirs
,,,,,,,,,,,,,,1990-11-02,25965144,113,en,Released,The most frightening thing about Jacob Singer's nightmare is that he isn't dreaming.,Jacob's Ladder,False,7.3,376,violence;postal worker;figment of imagination;oneiric
,,,,,,,,,,,,,,1972-03-20,0,167,ru,Released,,Solaris,False,7.7,364,1970s;loss of sense of reality;extraterrestrial technology;subconsciousness;russian;hallucination;space travel;astronaut;soviet
,,,,,,,,,,,,,,1958-12-25,0,106,en;fr,Released,Getting Here is Half the Fun,"Bell, Book and Candle",False,6.4,37,witch;cat;love of one's life
,,,,,,,,,,,,,,1989-07-31,126297830,124,en,Released,"A comedy about life, love and the gentle art of raising children.",Parenthood,False,6.4,177,parent child relationship;kids
,,,,,,,,,,,,,,1966-06-15,0,95,en,Released,,The Endless Summer,False,7.8,23,surfer;surfboard;surfing
,,,,,,,,,,,,,,1955-12-14,0,119,en;es,Released,,The Man with the Golden Arm,False,6.9,51,prison;poker;gambling;underground world;sense of guilt;jazz;drug dealer;rehabilitation;junkie;wheelchair;suspicion of murder;cold turkey;ex-lover;drums;insanity
,,,,,,,,,,,,,,1974-04-07,4420000,113,en,Released,Harry Caul is an invader of privacy. The best in the business.,The Conversation,False,7.5,377,san francisco;paranoia;audio tape;wiretap;shadowing
,,,,,,,,,,,,,,1973-06-14,1458000,112,en,Released,Shaft is stickin' it...all the way.,Shaft in Africa,False,5.4,6,paris;africa;illegal immigration;ethiopia;human trafficking;language course;circumcision;blaxploitation
,,,,,,,,,,,,,,2000-09-15,47383689,122,en,Released,Experience it. Enjoy it. Just don't fall for it.,Almost Famous,False,7.4,807,hotel room;san diego;drug addiction;stewardess;overdose;groupie;music journalist;rock;heavy metal;concert;swimming pool;based on true story;promiscuity;coming of age;on the road;domineering mother;reconciliation;semi autobiographical;innocence lost;bus trip;aspiring writer
,,,,,,,,,,,,,,2000-05-17,40031879,140,en,Released,You don't need eyes to see.,Dancer in the Dark,False,7.7,392,individual;dancing;usa;robbery;factory worker;secret;factory;small town;dance;blindness and impaired vision;death penalty;immigrant;eye operation;eyesight;fantasy;naivety;self-abandonment;hereditary disease;loss of eyesight;czech;dying and death;van;friendship;murder;teacher;debt;execution;crime;police officer
,,,,,,,,,,,,,,1971-03-03,0,112,en,Released,What happens when a professional killer violates the code? Get Carter!,Get Carter,False,6.9,122,hitman;british;gritty
,,,,,,,,,,,,,,1987-06-29,191185897,130,en;ar;fr;de;ru;cs;sk,Released,Licensed to thrill.,The Living Daylights,False,6.2,447,london england;smuggling of arms;prison;england;assassination;spy;falsely accused;secret identity;country estate;arms deal;russia;drug traffic;secret mission;secret intelligence service;kgb;villain;renegade;special car;tangier morocco;big wheel;pipeline;cello;orchestra;freedom fighter;czechoslovakia;bratislava;afghanistan;airplane;schloss schönbrunn;escape;moscow;vienna
,,,,,,,,,,,,,,2000-02-09,0,122,en,Released,,The Million Dollar Hotel,False,5.9,76,hotel;confidence;junkie;book;friendship;insanity;los angeles;drug;fbi agent
,,,,,,,,,,,,,,1990-10-05,0,126,yi;en,Released,Three generations of family. They shared a dream called America in a place called Avalon.,Avalon,False,6.0,19,usa;russia;jew;rabbi;synagogue;bar mitvah;emigrant
,,,,,,,,,,,,,,1983-12-08,65884703,170,en;es,Released,The world is yours...,Scarface,False,8.0,3017,miami;corruption;capitalism;cuba;prohibition;brother sister relationship;loss of sister;cocaine;cult film;bitterness
,,,,,,,,,,,,,,2000-09-11,0,92,fr,Released,Can love vanish without a trace?,Under the Sand,False,6.4,31,beach;wife husband relationship;sadness;disappearance
,,,,,,,,,,,,,,1991-07-12,83531958,120,en,Released,Twenty-seven banks in three years. Anything to catch the perfect wave.,Point Break,False,6.9,861,surfer;undercover;wave;surfboard;self-destruction;self-discovery;parachute;police operation;parachuting;moral conflict;los angeles;fbi agent;woman director
,,,,,,,,,,,,,,1988-10-21,0,69,fi;de,Released,,Ariel,False,7.1,44,underdog;prison;factory worker;prisoner;helsinki;independent film;falling in love
,,,,,,,,,,,,,,1988-06-17,43455230,91,en,Released,"The wildlife is wild, but his brother-in-law in unbearable.",The Great Outdoors,False,6.4,155,holiday;roommate;attachment to nature;grizzly bear;best friend
,,,,,,,,,,,,,,1989-01-13,2777280,109,en,Released,,Gleaming the Cube,False,5.4,31,skateboarding;los angeles;skateboard
,,,,,,,,,,,,,,2000-03-03,0,114,it,Released,,Bread and Tulips,False,7.0,35,venice;suicide;dancing;mother;depression;wife husband relationship;amateur detective;trip;married couple;tango;pescara;bus ride;accordion;florist;flower shop;plumbing supplier;roadhouse;family's daily life;mother role;oddball;mystic;self-discovery;mother-in-law;marriage crisis;marriage;freedom;little boy;family holiday;hitchhike
,,,,,,,,,,,,,,2001-08-17,62112895,131,en;de;el;it,Released,,Captain Corelli's Mandolin,False,5.6,146,officer;greek island;mandolin;italian soldier;resistance fighter;greek history;italian army;allied forces
,,,,,,,,,,,,,,2001-10-19,27642707,131,en,Released,A Castle Can Only Have One King,The Last Castle,False,7.0,290,prison;general
,,,,,,,,,,,,,,2001-01-18,1270522,113,en,Released,You can never go too far,Donnie Darko,False,7.7,3574,parent child relationship;airplane;time travel;school presentation;school performance;suburbia;vision;morality;teenager
,,,,,,,,,,,,,,2001-12-07,450717150,116,it;en,Released,Are you in or out?,Ocean's Eleven,False,7.2,3857,prison;pickpocket;strip club;con artist;atlantic city;cockney accent;las vegas;card dealer;explosives expert;black and white scene;male;salt lake city utah
,,,,,,,,,,,,,,1945-10-31,0,97,en,Released,,And Then There Were None,False,6.7,58,cat;island;guest;fisherman;whodunit;dinner;doctor;power outage;record;nursery rhyme;record player;duplicity;mystery killer;scheming;mind game
,,,,,,,,,,,,,,1982-12-07,78868508,96,en,Released,One Cop. One Con. No Mercy.,48 Hrs.,False,6.5,364,prison;convict;tough cop;fake fight;bowie knife
,,,,,,,,,,,,,,2000-12-07,0,112,da,Released,,Italian for Beginners,False,6.5,33,venice;hotel;copenhagen;waitress;depression;italian;hairdresser;daughter;friendship;language course;adult education center;priest;mother daughter relationship;dogme 95;church;woman director
,,,,,,,,,,,,,,2001-08-30,0,114,en;hi,Released,"A stressed father, a bride-to-be with a secret, a smitten event planner, and relatives from around the world create much ado about the preparations for an arranged marriage in India.",Monsoon Wedding,False,6.8,59,child abuse;adultery;arranged marriage;bollywood;wedding;woman director;wedding arranger;class system
,,,,,,,,,,,,,,1980-01-23,0,130,en;fr;de,Released,She's the target of every eye...including eyes only science could create.,Death Watch,False,6.0,16,scotland;dying and death;dystopia;media;reporter;euthanasia
,,,,,,,,,,,,,,2001-06-08,33616692,106,es,Released,Life has its ways of teaching. Life has its ways to confuse us. Life has its ways to move us. Life has its ways to amaze. Life has its ways to hurt us. Life has its ways to heal. Life has its ways to inspire.,Y Tu Mamá También,False,7.3,321,mexico;sex;beach;group sex;male friendship;road trip;coming of age;teenager;lgbt;new mexican cinema
,,,,,,,,,,,,,,2001-01-18,0,91,en,Released,,Dogtown and Z-Boys,False,7.2,53,skateboarding;independent film
,,,,,,,,,,,,,,1968-07-28,0,103,en;fr,Released,A card cheat was hung... then all hell broke loose!,5 Card Stud,False,6.0,20,poker;murder;cementery;cheating at cards
,,,,,,,,,,,,,,2002-07-03,441818803,88,en,Released,Same Planet. New Scum.,Men in Black II,False,6.1,3188,saving the world;secret identity;sun glasses;undercover;space marine;illegal immigration;deportation;new identity;flying saucer;light;firearm;alien;fictional government agency
,,,,,,,,,,,,,,2002-07-19,35168966,138,en,Released,Fate has found its hero.,K-19: The Widowmaker,False,6.1,273,submarine;soviet union;core melt;north atlantic;nuclear;woman director
,,,,,,,,,,,,,,1964-04-29,0,89,ja,Released,Nothing Like This Ever On the Screen!,Mothra vs. Godzilla,False,6.4,38,japan;monster;egg;godzilla;mothra;sequel;giant monster;tokusatsu;moth;giant moth;gojira;kaiju;monster movie;mosura
,,,,,,,,,,,,,,1997-12-03,0,128,fr,Released,,On Guard,False,6.5,38,assassination;based on novel;bodyguard;cousin;greed;father;marriage;revenge;murder;betrayal;older man younger woman relationship;false accusations;disguise;swashbuckler;hunchback
,,,,,,,,,,,,,,1981-07-27,0,147,pl,Released,,Man of Iron,False,6.1,15,individual;strike
,,,,,,,,,,,,,,1981-01-14,0,120,de,Released,,Lili Marleen,False,5.6,15,berlin;music record;jewry;resistance;show business;in love with enemy;zurich;switzerland;radio station;musical
,,,,,,,,,,,,,,1958-11-19,0,110,en;it,Released,It All Happens Happily on a Heaven of a Houseboat!,Houseboat,False,6.8,25,parent child relationship;houseboat;ball;nanny;boat wedding;class society;single father
,,,,,,,,,,,,,,2002-12-27,41597830,114,en,Released,The time to hide is over. The time to regret is gone. The time to live is now.,The Hours,False,7.0,461,london england;suicide;gay;poetry;aids;drowning;depression;home;way of life;self-destruction;province;literature;empowerment;country life;family's daily life;sense of life;homelessness;leaving one's family;delusion
,,,,,,,,,,,,,,1998-01-31,8690429,96,ja,Released,"One curse, one cure, one week to find it",Ringu,False,6.9,310,videoband;unofficial remake
,,,,,,,,,,,,,,2003-04-03,0,108,en,Released,He doesn't want money. He wants what money can't buy.,The Good Thief,False,6.0,32,casino;monte carlo;painting;caper;independent film;heist movie
,,,,,,,,,,,,,,2003-01-30,41400000,101,en;mi,Released,,Whale Rider,False,7.1,114,ocean;loss of mother;tradition;loss of brother;becoming an adult;role of women;empowerment;new zealand;maori tradition;chief;grandfather granddaughter relationship;modern society;whale;patriarch;stick fighting;canoe;patriarchy;loss of wife;woman director
,,,,,,,,,,,,,,1992-12-04,0,109,es,Released,"A sexy, lusty uninhibited comedy.",Belle Époque,False,6.9,32,jealousy;tango;marriage;politics;party;love;murder;soldier;lust;desertion
,,,,,,,,,,,,,,2003-07-02,435000000,109,en,Released,The Machines Will Rise.,Terminator 3: Rise of the Machines,False,5.9,2177,saving the world;artificial intelligence;man vs machine;cyborg;killer robot;sun glasses;leather jacket;nanotechnology;rocket launcher;firemen;veterinarian;fire engine;dystopia;psychiatrist
,,,,,,,,,,,,,,2003-07-18,273339556,147,en;es,Released,"If you can't stand the heat, get out of Miami.",Bad Boys II,False,6.3,1588,miami;ku klux klan;cuba;undercover;mexican standoff;ecstasy;guantánamo;slaughter;shootout;gunfight;bromance;gangster;violence;foot chase;interrogation;car chase;drug lord;exploding house;narcotics cop;illegal drugs;dea agent;buddy cop;criminal underworld;action hero;haitian gang;minefield
,,,,,,,,,,,,,,1990-04-06,0,94,en;it,Released,"With These People Trying To Kill Him, Joey Boca May Just Live Forever",I Love You to Death,False,6.2,68,wife husband relationship;infidelity;gigolo;pizza
,,,,,,,,,,,,,,2002-01-01,0,101,en,Released,,Bollywood/Hollywood,False,6.1,4,tradition;pop star;chance;toronto;stroke of fate;encounter;fate;wedding;family;woman director;pretend relationship
,,,,,,,,,,,,,,2003-08-31,119723856,102,ja;en,Released,Everyone wants to be found.,Lost in Translation,False,7.3,1943,upper class;hotel room;age difference;commercial;karaoke;homesickness;culture clash;jet lag;pop star;unsociability;aftercreditsstinger;woman director
,,,,,,,,,,,,,,1991-10-01,0,80,en,Released,,A Brief History of Time,False,7.4,37,physics;stephen hawking
,,,,,,,,,,,,,,2003-10-03,131282949,108,en,Released,He just landed the gig of his life: 5th grade.,School of Rock,False,6.8,1454,rock and roll;rock;high school;music band
,,,,,,,,,,,,,,2002-05-21,0,106,en,Released,Life... it's about to hit the fan!,Sweet Sixteen,False,6.5,48,glasgow;brother sister relationship;puberty;drug dealer;heroin;single;murder;teacher;single father
,,,,,,,,,,,,,,2003-09-07,244931766,135,en;fr;pt,Released,The ultimate romantic comedy.,Love Actually,False,7.0,1917,london england;male nudity;female nudity;love at first sight;usa president;marseille;office;christmas party;marriage proposal;bars and restaurants;press conference;language barrier;prime minister;rock star;tv show;metal detector;war on terror;school performance;multiple storylines
,,,,,,,,,,,,,,1928-04-21,0,110,fr,Released,An Immortal Screen Classic that will live Forever!,The Passion of Joan of Arc,False,8.2,159,judge;woman martyr;heresy;court case;suffering;sentence;torture chamber;religion;trial;mental illness;dove;silent film;catholicism;joan of arc;forgery;masterpiece;judiciary;burning at stake;holy communion;bloodletting
,,,,,,,,,,,,,,2000-12-16,25000000,114,ja,Released,Could you kill your best friend?,Battle Royale,False,7.3,992,island;television;survivor;soldier;battle;death;game of death;school class
,,,,,,,,,,,,,,1972-12-29,0,93,de;es,Released,A breathtaking journey into the heart of darkness,Aguirre: The Wrath of God,False,7.5,210,gold;sentence;adventure;gold rush;peru;amazon;float;insanity;south america;16th century;conquest;new german cinema;indigenous peoples;conquistador
,,,,,,,,,,,,,,1946-10-29,0,96,fr,Released,Once upon a time,Beauty and the Beast,False,7.8,133,underdog;monster;beauty;rose;daughter
,,,,,,,,,,,,,,2003-12-25,122919055,125,en,Released,An adventure as big as life itself.,Big Fish,False,7.6,2064,circus;father son relationship;witch;fish;fishing;love of one's life;leech;story teller;apoplectic stroke;fair;mermaid;cancer;relationship;youth;gentle giant
,,,,,,,,,,,,,,1953-02-26,0,84,fr,Released,It's laugh-vacation time as Jacques Tati romps through the most gloriously mad lark ever to tickle the ribs of young and old alike!,Monsieur  Hulot's Holiday,False,7.3,76,holiday;underdog;hotel;beach;jazz;tennis;masked ball;pilot;lone wolf;brittany;pipe;train;summer;alcohol abuse;aerobics
,,,,,,,,,,,,,,2004-01-22,96060858,113,en,Released,"Such minor changes, such huge consequences.",The Butterfly Effect,False,7.3,2119,amnesia;chaos theory;blackout;time travel;flashback
,,,,,,,,,,,,,,2003-09-01,15121165,115,en;fr,Released,Together nothing is impossible. Together nothing is forbidden.,The Dreamers,False,7.2,680,paris;love triangle;male nudity;female nudity;sex;hotel;sexuality;cinephilia;flat;bathing;riot;first time;students' movement;crush;american;twins;apartment;incest
,,,,,,,,,,,,,,2003-12-03,11576431,94,fr;tr,Released,,Monsieur Ibrahim,False,7.0,39,paris;father son relationship;prostitute;robbery;lovesickness;muslim;dialogue;jewry;return;istanbul;loss of father;arabian;restart;homeland;first time;piggy bank;koran;adoption;dying and death;friendship;grocer;car crash;crush;child
,,,,,,,,,,,,,,2004-03-05,108103450,136,en,Released,Unbridled. Unbroken. Unbeaten.,Hidalgo,False,6.5,321,horse race;horse;racehorse
,,,,,,,,,,,,,,2004-03-19,102356381,101,en;it,Released,"When the undead rise, civilization will fall.",Dawn of the Dead,False,6.8,1039,refugee;mass murder;habor;car journey;department store;blackout;bus ride;pregnancy and birth;dying and death;bite;to shoot dead;lorry;munition;basement garage;guard;zombie;dog;car;duringcreditsstinger
,,,,,,,,,,,,,,2003-05-19,16680836,178,en,Released,A quiet little town not far from here.,Dogville,False,7.6,619,rape;bondage;refugee;mountain;village life;blackmail;american dream;bank robber;mountain village;exploitation;rocky mountains;woman martyr;physical work;wanted poster;forced labour;last judgment;slavery;recession;friendship;police;hoodlum
,,,,,,,,,,,,,,1978-09-02,55000000,127,en,Released,"When there's no more room in hell, the dead will walk the earth.",Dawn of the Dead,False,7.4,597,helicopter;news broadcast;materialism;machete;bite;chaos;martial law;state of emergency;rock gang;infection;army;biker;truck;gore;zombie;motorcycle gang;violence;store;mall;pittsburgh
,,,,,,,,,,,,,,1983-05-01,0,120,it;ru,Released,,Nostalgia,False,7.5,77,italy;water;crisis;madness;immolation;dreams;memories
,,,,,,,,,,,,,,2002-02-12,0,111,de,Released,,Grill Point,False,6.9,7,adultery;wife husband relationship;radio station;skyscraper;eastern germany;frankfurt/oder;marriage crisis;friendship;secret love;conflict;relationship;extramarital affair
,,,,,,,,,,,,,,2004-05-26,544272402,124,en;ja;fr;ar;es,Released,Where will you be?,The Day After Tomorrow,False,6.2,2462,saving the world;library;cataclysm;climate change;greenhouse effect;tornado;twister;hurricane;hail;temperature drop;ice age;polar zone;meteorology;gulfstream;barrier ice;ice melting;third world;exodus;evacuation;climate;government;snow;los angeles;scientist;doomsday;antarctic;disaster movie
,,,,,,,,,,,,,,2004-06-17,219417255,128,bg;en;fr;ru;es,Released,Life is waiting.,The Terminal,False,7.1,1974,new york;airport;marriage proposal;translation;craftsman;stewardess;illegal immigration;language barrier;jfk international airport;immigration law;fast food restaurant;security camera;jazz musician;saxophonist;autograph;passport;eastern europe;friendship
,,,,,,,,,,,,,,2004-04-07,62172050,109,en;fr;th,Released,"Two infant tiger cubs, separated from their parents and each other.",Two Brothers,False,6.9,185,brother brother relationship;loss of brother;cambodia;chase;tiger;governor;royalty;travelling circus;archaeologist
,,,,,,,,,,,,,,2004-06-25,119114517,122,ar;en,Released,Controversy... what controversy?,Fahrenheit 9/11,False,6.9,403,skab under tv;Øverste hylde;foran
,,,,,,,,,,,,,,2004-07-23,288500217,108,en;ru;de;it,Released,They should have left him alone.,The Bourne Supremacy,False,7.2,2873,berlin;assassin;based on novel;amnesia;sniper;lie;sequel;suspense;on the run;shootout;espionage;violence;foot chase;car chase;exploding house;though guy;one against many;rail car;dark past;moscow;hand to hand combat
,,,,,,,,,,,,,,2004-01-28,0,88,fr,Released,,Anatomy of Hell,False,5.2,29,gay;sex;women's sexual identity;nightclub;blow job;man-woman relation;menstruation;homosexuality;unsimulated sex;woman director
,,,,,,,,,,,,,,2004-02-06,16756372,126,qu;es,Released,Before he changed the world the world changed him.,The Motorcycle Diaries,False,7.2,295,brazilian;revolution;communist;asthma;peru;chile;cuban revolution;che guevara;argentina;motorcycle;guajira peninsula;leper colony;biochemist
,,,,,,,,,,,,,,2004-12-09,362744280,125,fr;it;nl;zh;en,Released,Twelve is the new eleven.,Ocean's Twelve,False,6.4,2169,sequel;fabergé egg;dutch eastindian company;second;part;golden egg;goon
,,,,,,,,,,,,,,1961-01-01,0,87,en,Released,Who is the blonde in the box?,Murder She Said,False,7.0,31,poison;country estate;amateur detective;detective inspector;golf;false identity;employment agency;miss marple;murder mystery
,,,,,,,,,,,,,,1963-12-25,0,134,en,Released,He ordered a martini...kissed a girl...and was plunged into a nightmare of danger.,The Prize,False,6.4,17,nobel prize;nobel prize laureate;doppelganger
,,,,,,,,,,,,,,1975-11-19,0,95,fr,Released,,"Cousin, Cousine",False,7.3,4,female nudity;cousin;friendship;wedding
,,,,,,,,,,,,,,1983-11-11,6472990,103,en,Released,,Star 80,False,6.1,19,violent husband;biography;playboy;fame;vancouver;centerfold;hugh hefner
,,,,,,,,,,,,,,1999-08-26,0,110,de,Released,,"Bang, Boom, Bang",False,7.5,52,prison;pornography;airport;ford taunus;mercedes benz;mallorca;thumb;vault;drug
,,,,,,,,,,,,,,2000-11-18,0,48,en;ja,Released,,Blood: The Last Vampire,False,6.6,76,military base;victim of murder;jeep;anime
,,,,,,,,,,,,,,2004-01-28,0,90,en;de,Released,,Muxmäuschenstill,False,7.1,7,berlin;idealism;murder;arrogance;vigilantism
,,,,,,,,,,,,,,2004-12-15,216763646,132,en;ga,Released,"Beyond his silence, there is a past. Beyond her dreams, there is a feeling. Beyond hope, there is a memory. Beyond their journey, there is a love.",Million Dollar Baby,False,7.7,2519,transporter;suicide attempt;strong woman;boxer;dying and death;stroke of fate;training;advancement;sport;female protagonist;boxing trainer;determination
,,,,,,,,,,,,,,2004-09-02,0,98,de,Released,,Summer Storm,False,6.7,60,holiday;gay;male nudity;competition;sexual identity;sex;lovesickness;heterosexual;coming out;row;lake;camping;tent;summer camp;friendship;sport;crush;teenage crush;summer;youth;lgbt
,,,,,,,,,,,,,,1997-02-20,0,87,de,Released,,Knockin' on Heaven's Door,False,7.6,135,ocean;car race;brain tumor;money delivery;dying and death;friendship;police;road movie
,,,,,,,,,,,,,,2005-05-25,532680671,86,en;fr;pt;es;th,Released,Someone's got a zoo loose.,Madagascar,False,6.6,3322,lion;hippopotamus;giraffe;penguin;zebra
,,,,,,,,,,,,,,2003-12-24,0,126,fr,Released,,Who Killed Bambi?,False,6.0,10,nurse;suspicion of murder;surgeon;hospital;killer
,,,,,,,,,,,,,,1967-12-19,0,110,en,Released,The Brute in Everyman Was Also in Him - And the Love and the Violence,Will Penny,False,6.4,20,bath;horse;cabin;stetson;beef;shootout;bullet wound;cowboy;cattle ranch
,,,,,,,,,,,,,,2005-03-30,0,93,fr,Released,,Cockles and Muscles,False,5.1,7,holiday;france;male nudity;portugal;father son relationship;sexual identity;sex;sea;lovesickness;aids;sunrise;jealousy;infidelity;new love;eroticism;sun;coming out;virtue;plumber;shower;mobile phone;dutch;mistral;breakfast;quickie;cruising;longing;friendship;crush;motorcycle;youth;gay sex;masturbation;lgbt
,,,,,,,,,,,,,,2005-05-19,0,123,en,Released,,Don't Come Knocking,False,6.4,23,
,,,,,,,,,,,,,,2005-11-04,96889998,125,en;es;ar;la,Released,Welcome to the suck.,Jarhead,False,6.6,776,sniper;marine corps;saudi arabia;petrol;golf war;u.s. marine
,,,,,,,,,,,,,,2005-11-23,94000000,128,ar;en;fa;ur;fr;zh,Released,Everything is connected.,Syriana,False,6.3,455,anti terror;bomb;assassination;middle east;lebanon;cia;capitalism;globalization;loss of son;persia;war against terror;energy policy;petrol
,,,,,,,,,,,,,,2004-09-03,0,96,zu,Released,,Yesterday,False,8.3,6,aids;mine;south africa;dying and death;johannesburg;infection;kral;independent film;school
,,,,,,,,,,,,,,2005-01-06,80578934,94,en,Released,Welcome To Your Worst Nightmare,Hostel,False,5.7,913,bathroom;sex;amsterdam;europe;brothel;slovakia;backpacker;horror;gore;blood;torture;business card;doberman;hostel;surgery;elite club;fingers
,,,,,,,,,,,,,,2006-01-26,0,87,en;cy,Released,One of the living for one of the dead.,The Dark,False,5.6,76,suicide;paradise;child abuse;sea;adolescence;wales;secret;underworld;shepherd;loss of child;sheep;single;mother daughter relationship;sect
,,,,,,,,,,,,,,2005-09-12,11718595,100,en;de,Released,,Dave Chappelle's Block Party,False,6.5,29,black people;hip-hop;block party;megaphone;classroom;brass band;stage
,,,,,,,,,,,,,,2005-02-01,2455831,93,en,Released,There goes the bride.,Imagine Me & You,False,7.0,181,london england;flower shop;homosexuality;lesbian;lgbt
,,,,,,,,,,,,,,2006-02-24,56308881,110,en,Released,Wrong Time. Wrong Place. Wrong Number.,Lucky Number Slevin,False,7.4,1356,assassination;assassin;identity;sniper;mistake in person;jew;gangster boss;gambling debts;boss;murder;sniper rifle;fbi agent;horse racing;gambler;slevin;caso;hoodlum;black men
,,,,,,,,,,,,,,2006-04-21,97607453,125,en,Released,We've been expecting you.,Silent Hill,False,6.3,1093,monster;mother role;burning of witches;fog;suffering;darkness;sadism;supernatural;revenge;surrealism;gore;survival;good vs evil;blood;another dimension;torture;creature;violence;demon;witch burning;based on video game;dismemberment;religious fanatic;ghost town;sleepwalking
,,,,,,,,,,,,,,2006-06-08,461983149,117,en;it;ja;yi,Released,Ahhh... it's got that new movie smell.,Cars,False,6.6,3991,car race;car journey;auto;route 66;wrecker;porsche;retirement;media;friendship;sport;rural setting;anthropomorphism;los angeles;road movie;aftercreditsstinger;duringcreditsstinger
,,,,,,,,,,,,,,2006-06-30,326551094,109,en;fr,Released,Meet Andy Sachs. A million girls would kill to have her job. She's not one of them.,The Devil Wears Prada,False,7.0,3198,paris;journalist;journalism;world of fasion;fashion journal;assistant;job entrant;job interview;editor-in-chief
,,,,,,,,,,,,,,2006-06-20,1065659812,151,en;tr;el;zh,Released,Jack is back!,Pirates of the Caribbean: Dead Man's Chest,False,7.0,5380,witch;fortune teller;bondage;exotic island;monster;captain;card game;east india trading company;compass;ship;daughter;pirate;swashbuckler;aftercreditsstinger
,,,,,,,,,,,,,,2005-09-09,0,105,de,Released,,Summer in Berlin,False,6.7,12,berlin;women;alcohol;rape;lovesickness;depression;daily life;balcony;old people's nurse;pharmacist;wodka;friendship;single;extramarital affair;unemployment
,,,,,,,,,,,,,,2006-02-11,9524340,105,en;fr;es,Released,Close your eyes. Open your heart.,The Science of Sleep,False,6.8,253,paris;date;mexico;sex;jealousy;dream;subconsciousness;magic;nudity;nightmare;cloud;love;travel;escape;art;imagination;insecure
,,,,,,,,,,,,,,2006-12-20,155721132,102,en;es,Released,It ain't over 'til it's over.,Rocky Balboa,False,6.5,858,philadelphia;transporter;fight;love of one's life;publicity;boxer;grave;tombstone;tv station;boxing match;comeback;training;restaurant owner;world champion;challenger;virtual fight;defeat;victory;cancer;over-the-hill fighter
,,,,,,,,,,,,,,2006-12-11,59908565,167,en;ru;es;de;ln,Released,The untold story of the most powerful covert agency in the world.,The Good Shepherd,False,6.3,342,london england;berlin;usa;spy;cia;cuba;wife husband relationship;mentor;return;cold war;kongo;leaving one's family;kgb;childhood memory;wife;invasion;bay of pigs;family;child
,,,,,,,,,,,,,,2006-12-25,49469904,92,en;fr,Released,One woman's secret is another woman's power. One woman's fear is another woman's weapon. One woman's life is in another woman's hands....,Notes on a Scandal,False,6.9,239,sex;adultery;based on novel;cat;infidelity;secret;obsession;blackmail;nudity;seduction;studio;friendship;stalker;love;loneliness;teacher;conservative;student;teenager;relationship;art;female stalker;extramarital affair;journal;sitting on a toilet
,,,,,,,,,,,,,,2007-02-16,137587063,96,en,Released,"Close your eyes, but keep your mind wide open.",Bridge to Terabithia,False,7.0,1146,brother sister relationship;friendship;bullying;neighbor;school;drawing;based on children's book;school bus;imagination;creek;clubhouse;reality vs fantasy;outsider;fantasy world;overflowing with imagination
,,,,,,,,,,,,,,2006-04-30,0,108,en,Released,,Lonely Hearts,False,6.0,88,nurse;women;detective;sister sister relationship;eroticism;seduction;longing;undercover agent;victim of murder;greed;lonely hearts ad;observer;femme fatale;loneliness
,,,,,,,,,,,,,,2007-02-16,228738393,114,en,Released,Hell Is About To Be Unleashed,Ghost Rider,False,5.2,1754,religion and supernatural;dying and death;devil's son;ghost world;stunts;flame;based on comic;demon
,,,,,,,,,,,,,,2007-03-23,22222308,124,en,Released,Let in the unexpected.,Reign Over Me,False,7.1,340,confidence;trauma;leaving one's family;childhood memory;airplane;war on terror;music;loss of daughter;alone;cowardliness;family
,,,,,,,,,,,,,,2007-02-08,0,140,fr,Released,The Extraordinary Story of Edith Piaf,La Vie en Rose,False,7.3,433,musical;song;biography;performer;audience;blindness;cat call;national anthem
,,,,,,,,,,,,,,2004-09-24,28000000,100,fi;sv,Released,,Popular Music,False,6.0,17,transvestism;himalaya;father son relationship;child abuse;music record;alcohol;rock and roll;pop;grandfather grandson relationship;sweden;1970s;becoming an adult;wodka;province;bogey;music teacher;sauna;fab four;boredom;friendship;wedding;music band;xenophobia;finland
,,,,,,,,,,,,,,2007-07-04,69307224,91,en,Released,First came love... then came Reverend Frank.,License to Wed,False,5.3,258,new love;ten commandments;bride;bridegroom;marriage;relation;partnership;civil registry office;priest;wedding;church
,,,,,,,,,,,,,,1972-12-22,0,106,it,Released,,All the Way Boys,False,6.5,71,airplane;fistfight;thin;diamond;opal
,,,,,,,,,,,,,,2005-09-02,0,113,es,Released,,Princesses,False,6.9,24,female nudity;women;prostitute;sex;aids;madrid;depression;solidarity;immigration;empowerment;strong woman;future;blow job;hope;red-light disctrict;stay permit;punter;female friendship;friendship;fellatio;single;unsimulated sex;illegal immigrant;racism;sadist;hiv positive;madrid spain;off screen rape
,,,,,,,,,,,,,,2005-07-27,0,93,mn,Released,,The Cave of the Yellow Dog,False,7.3,22,tradition;shepherd;daily life;mythology;family's daily life;vagabund;mongolia;dog;family;woman director
,,,,,,,,,,,,,,1994-04-03,0,175,de;en,Released,,Abraham,False,4.0,1,bible;biography
,,,,,,,,,,,,,,2007-05-25,54926886,117,en;ru,Released,Two brothers on opposite sides of the law. Beyond their differences lies loyalty.,We Own the Night,False,6.5,327,new york;father son relationship;nightclub;gangster
,,,,,,,,,,,,,,2007-05-23,0,95,en;fr;de;fa,Released,,Persepolis,False,7.7,461,civil war;parent child relationship;1970s;puberty;totalitarian regime;cutting the cord;punk;bomb alarm;war;adult animation;punk band;woman director
,,,,,,,,,,,,,,2007-12-04,372234864,113,is;en;ru;fr,Released,There are worlds beyond our own - the compass will show the way.,The Golden Compass,False,5.8,1347,england;compass;experiment;lordship;uncle;polar bear;orphan;animal;based on young adult novel
,,,,,,,,,,,,,,2007-12-25,41797066,94,en,Released,The Last Place On Earth We Want To Be Is In The Middle,Aliens vs Predator: Requiem,False,4.9,758,predator;national guard;hybrid;alien;morgue;alien possession;triangle;infestation;xenomorph
,,,,,,,,,,,,,,1964-02-05,0,110,fr,Released,Look What They Call a Quiet Week in Rio!,That Man from Rio,False,7.1,32,spy;brazil;kidnapping;treasure hunt;artifact;farce;ancient
,,,,,,,,,,,,,,2008-04-10,65569869,109,en;tr,Released,Their city. Their rules. No prisoners.,Street Kings,False,6.3,369,police;los angeles
,,,,,,,,,,,,,,2008-04-18,127906624,104,en;zh,Released,The battle for eternity is the fantasy of a lifetime.,The Forbidden Kingdom,False,6.3,476,tempel;shaolin;teenager;urination;staff;warrior;monkey king
,,,,,,,,,,,,,,2007-10-02,0,142,en;fr;es,Released,,Silent Light,False,7.1,27,mexico;village life;family's daily life;courtly life;peasant;mennonites;independent film;parallel world
,,,,,,,,,,,,,,1986-10-16,0,76,en;fi;sv,Released,,Shadows in Paradise,False,7.1,35,salesclerk;helsinki;garbage;independent film
,,,,,,,,,,,,,,2006-09-28,0,95,nl,Released,,Waiter,False,6.3,8,loss of lover;wife husband relationship;netherlands;lover (female);restaurant;lovers;relationship problems;little boy;author
,,,,,,,,,,,,,,2006-03-01,0,90,bs;sr,Released,,Grbavica: The Land of My Dreams,False,6.9,15,rape;depression;war crimes;sense of guilt;becoming an adult;suppressed past;sarajevo;bosnia and herzegovina;right and justice;mother daughter relationship;woman director
,,,,,,,,,,,,,,2007-10-01,173066,86,en,Released,Fearless! Unstoppable! Ready For His Close-Up!,My Name Is Bruce,False,5.9,107,parody;parallel world
,,,,,,,,,,,,,,2006-03-09,0,99,de,Released,,Tough Enough,False,7.2,14,individual;berlin;street gang;ex-boyfriend;blackmail;drug traffic;cocaine;neukölln;zehlendorf;drug dealer;move;neglect;drug mule;protection money;friendship;class;single;murder;youth gang;marijuana;police officer;unemployment
,,,,,,,,,,,,,,1988-04-30,0,43,en,Released,,Superstar: The Karen Carpenter Story,False,7.5,12,bulimia;barbie;the carpenters;anorexia
,,,,,,,,,,,,,,1966-05-20,0,87,en,Released,Carry On Screaming with the Hilarious CARRY ON Gang!!,Carry On Screaming,False,7.0,33,monster;mannequin;mummy;carry on;horror spoof;policeman;drag;man dressed as woman;edwardian england;toilet attendant;hen pecked husband
,,,,,,,,,,,,,,2008-01-13,132900000,116,fr;pt,Released,,Asterix at the Olympic Games,False,5.0,486,competition;greece;colosseum;olympic games;emperor;magic;horse;roman;wild boar;governance;galier
,,,,,,,,,,,,,,1960-03-01,0,73,en,Released,The One-Man War Against The Comancheros!,Comanche Station,False,6.2,24,native american;comanche
,,,,,,,,,,,,,,1958-06-24,0,104,en,Released,Profound and astounding,The Goddess,False,0.0,1,southern usa;diva;mother daughter relationship;spectacle
,,,,,,,,,,,,,,2008-01-01,0,111,en,Released,,The Garden of Eden,False,4.2,3,
,,,,,,,,,,,,,,1896-01-25,0,1,xx,Released,,The Arrival of a Train at La Ciotat,False,6.9,87,france;train station;cinema;beginning;film and cinema;train
,,,,,,,,,,,,,,1967-06-20,0,97,en,Released,Wild waves and wilder women ... in a tidal wave of comedy!,Don't Make Waves,False,6.4,8,holiday;california;beach;erotic movie;tiki culture
,,,,,,,,,,,,,,1965-08-08,0,93,ja,Released,,Frankenstein Conquers the World,False,5.8,9,monster;radiation;octopus;frankenstein;giant monster;scientist;kaiju;frankenstein's monster;baragon
,,,,,,,,,,,,,,2003-07-31,0,105,sv,Released,,Miffo,False,4.0,5,sweden;new love
,,,,,,,,,,,,,,1979-08-17,0,108,en;de;es,Released,,The Prisoner of Zenda,False,5.7,14,kidnapping;kingdom;heir to the throne;sword fight;royalty;identity swap
,,,,,,,,,,,,,,2007-02-13,0,90,de,Released,,The Red Elvis,False,8.0,1,patriotism;german democratic republic;socialism;pop star;civil rights activist;war on freedom;tour;marxism;music;concert;trade union;music festival;revolt;emigrant
,,,,,,,,,,,,,,2005-09-30,0,91,es,Released,,Torrente 3 The Protector,False,5.5,37,detective
,,,,,,,,,,,,,,1996-11-17,0,173,en,Released,,Titanic,False,6.3,45,shipwreck;ship;titanic;ocean liner;disaster
,,,,,,,,,,,,,,2000-10-17,0,86,en,Released,,Shriek If You Know What I Did Last Friday the Thirteenth,False,4.8,70,parody;murder;student;slasher;scream;university
,,,,,,,,,,,,,,1985-07-19,0,92,en,Released,More fun than you can shake your stick at!,Loose Screws,False,5.3,14,sex;nudity;cheerleader;bikini;sequel;voyeur;canuxploitation
,,,,,,,,,,,,,,1979-09-01,0,87,en,Released,Take them away for a weekend… then try and let them go!,Cheerleaders' Wild Weekend,False,2.7,3,kidnapping;cheerleader;spors
,,,,,,,,,,,,,,2011-09-09,18050000,139,hi;en,Released,,Mere Brother Ki Dulhan,False,6.5,19,new delhi india;himachal pradesh india;punjab;punjab india
,,,,,,,,,,,,,,1955-12-22,0,102,de,Released,,Sissi,False,7.3,109,love at first sight;sister sister relationship;wife husband relationship;marriage proposal;attachment to nature;love of one's life;anonymity;bavaria;emperor;mistake in person;love of animals;ball;horseback riding;telegram;bad mother-in-law;chase;schloss schönbrunn;wedding;austria-hungary;vienna
,,,,,,,,,,,,,,2008-03-07,0,80,es,Released,When sexual fantasies come true.,Don't Look Down,False,5.6,11,sex;eroticism
,,,,,,,,,,,,,,1933-10-26,0,72,de,Released,,The Tunnel,False,6.5,2,usa;europe
,,,,,,,,,,,,,,2006-02-10,0,88,de,Released,,Windows on Monday,False,0.0,0,
,,,,,,,,,,,,,,2000-01-27,0,86,nl,Released,,"André Hazes, Zij Gelooft in Mij",False,6.7,3,music style;music
,,,,,,,,,,,,,,2012-08-29,0,120,en,Released,,Confession of a Child of the Century,False,4.9,6,woman director
,,,,,,,,,,,,,,2006-09-19,32788,107,en,Released,,Local Color,False,6.1,8,independent film
,,,,,,,,,,,,,,1996-03-01,0,95,en,Released,To Jimmy Life Was Just A Gamble...Until The Game Became His Life!,When Saturday Comes,False,5.3,13,hero;sport;soccer;woman director
,,,,,,,,,,,,,,2007-01-30,0,8,en,Released,,Boat,False,7.6,9,
,,,,,,,,,,,,,,2000-01-13,0,198,en,Released,,Longitude,False,7.3,12,
,,,,,,,,,,,,,,2004-06-15,0,34,en,Released,,The Chronicles of Riddick: Dark Fury,False,5.9,157,space marine;mercenary;danger of life;dystopia
